warehouse_id,location_name,latitude,longitude,capacity_sqm
WH001,Lopeztown Area,25.116301025603242,55.08622217843253,9358
WH002,South Richard Area,24.920281969921746,55.171108884923754,7355
WH003,Ronnieshire Area,24.980423975968478,55.259390480281425,8704
WH004,South Derekberg Area,25.090607978196754,55.06601372883452,6443
WH005,Brownburgh Area,25.176145223952492,55.26636430135307,6167
